metric,result
loss,0.8724205385554921
accuracy,0.8653555512428284
f1,0.8653555512428284
precision,0.8653555512428284
recall,0.8653555512428284
