metric,result
loss,0.8583365895531394
accuracy,0.8843865394592285
f1,0.8852592706680298
precision,0.889053225517273
recall,0.8843865394592285
