metric,result
loss,0.8597228743813254
accuracy,0.8832483887672424
f1,0.8830475807189941
precision,0.883272647857666
recall,0.8832483887672424
