metric,result
loss,0.9287193092432889
accuracy,0.804841160774231
f1,0.804841160774231
precision,0.804841160774231
recall,0.804841160774231
