metric,result
loss,0.858520816672932
accuracy,0.8880484104156494
f1,0.8880484700202942
precision,0.8880484104156494
recall,0.8880484104156494
