metric,result
loss,0.870519914410331
accuracy,0.863293468952179
f1,0.8635578155517578
precision,0.8714221715927124
recall,0.863293468952179
