metric,result
loss,0.8609279881824147
accuracy,0.8788963556289673
f1,0.8797746300697327
precision,0.883445143699646
recall,0.8788963556289673
