metric,result
loss,0.8947936675765298
accuracy,0.8381240367889404
f1,0.8381240367889404
precision,0.8381240367889404
recall,0.8381240367889404
