metric,result
loss,0.8655808405442671
accuracy,0.8710435628890991
f1,0.8717341423034668
precision,0.8752978444099426
recall,0.8710435628890991
