metric,result
loss,0.890260940248316
accuracy,0.8499902486801147
f1,0.8517128229141235
precision,0.8599976897239685
recall,0.8499902486801147
