metric,result
loss,0.898489079692147
accuracy,0.8503558039665222
f1,0.8504030704498291
precision,0.852362334728241
recall,0.8503558039665222
