metric,result
loss,0.8930953578515486
accuracy,0.8548997044563293
f1,0.8541783094406128
precision,0.86106276512146
recall,0.8548997044563293
